<?xml version="1.0" encoding="UTF-8"?>
<beans xmlns="http://www.springframework.org/schema/beans"
xmlns:xsi="http://www.w3.org/2001/XMLSchema-instance"
xmlns:context="http://www.springframework.org/schema/context" xsi:schemaLocation="
http://www.springframework.org/schema/beans http://www.springframework.org/schema/beans/spring-beans.xsd
http://www.springframework.org/schema/context http://www.springframework.org/schema/context/spring-context.xsd">
<bean id="CustomerBean" class="com.cg.topic7.placeholder.Customer">

		<!-- java.util.List -->
		<property name="lists">
			<list>
				<value>1</value>
				<ref bean="PersonBean" />
				<bean class="com.cg.common.Person">
					<property name="name" value="cgList" />
					<property name="address" value="address" />
					<property name="age" value="28" />
				</bean>
			</list>
		</property>

		<!-- java.util.Set -->
		<property name="sets">
			<set>
				<value>1</value>
				<ref bean="PersonBean" />
				<bean class="com.cg.common.Person">
					<property name="name" value="cgSet" />
					<property name="address" value="address" />
					<property name="age" value="28" />
				</bean>
			</set>
		</property>

		<!-- java.util.Map -->
		<property name="maps">
			<map>
				<entry key="Key 1" value="1" />
				<entry key="Key 2" value-ref="PersonBean" />
				<entry key="Key 3">
					<bean class="com.cg.common.Person">
						<property name="name" value="cgMap" />
						<property name="address" value="address" />
						<property name="age" value="28" />
					</bean>
				</entry>
			</map>
		</property>

		<!-- java.util.Properties -->
		<property name="pros">
			<props>
				<prop key="admin">admin@nospam.com</prop>
				<prop key="support">support@nospam.com</prop>
			</props>
		</property>

	</bean>

	<bean id="PersonBean" class="com.cg.common.Person">
		<property name="name" value="cg1" />
		<property name="address" value="address 1" />
		<property name="age" value="28" />
	</bean>

</beans>