<?xml version="1.0" encoding="UTF-8"?>
<beans xmlns="http://www.springframework.org/schema/beans"
xmlns:xsi="http://www.w3.org/2001/XMLSchema-instance"
xmlns:context="http://www.springframework.org/schema/context" xsi:schemaLocation="
http://www.springframework.org/schema/beans http://www.springframework.org/schema/beans/spring-beans.xsd
http://www.springframework.org/schema/context http://www.springframework.org/schema/context/spring-context.xsd">
<!--None dependency-->
<!--<context:component-scan base-package="com.cg.core" />-->
<bean id="customerService" class="com.cg.topic14.aop1.advice.CustomerService">
		<property name="name" value="Yong Mook Kim" />
		<property name="url" value="http://www.cg.com" />
	</bean>

	<bean id="hijackAroundMethodBean" class="com.cg.topic14.aop1.advice.HijackAfterMethod" />

	<bean id="customerServiceProxy" class="org.springframework.aop.framework.ProxyFactoryBean">

		<property name="target" ref="customerService" />

		<property name="interceptorNames">
			<list>
				<value>hijackAroundMethodBean</value>
			</list>
		</property>
	</bean>

</beans>