<?xml version="1.0" encoding="UTF-8"?>
<beans xmlns="http://www.springframework.org/schema/beans"
xmlns:xsi="http://www.w3.org/2001/XMLSchema-instance"
xmlns:context="http://www.springframework.org/schema/context" xsi:schemaLocation="
http://www.springframework.org/schema/beans http://www.springframework.org/schema/beans/spring-beans.xsd
http://www.springframework.org/schema/context http://www.springframework.org/schema/context/spring-context.xsd">
<!--None dependency-->
<!--<context:component-scan base-package="com.cg.core" />-->
 <bean id="customerService" class="com.cg.topic14.aop1.adviceandpointcut.CustomerService" >
   		<property name="name" value="Yong Mook Kim" />
   		<property name="url" value="http://www.cg.com" />
   </bean>
 
   <bean id="hijackAroundMethodBeanAdvice" class="com.cg.topic14.aop1.adviceandpointcut.HijackAroundMethod" />

   <bean id="customerServiceProxy"
		class="org.springframework.aop.framework.ProxyFactoryBean">

		<property name="target" ref="customerService" />
		
		<property name="interceptorNames">
			<list>
				<value>customerAdvisor</value>
			</list>
		</property>
	</bean>

	<!--<bean id="customerAdvisor"
		class="org.springframework.aop.support.NameMatchMethodPointcutAdvisor">
		<property name="mappedName" value="printName" />
		<property name="advice" ref="hijackAroundMethodBeanAdvice" />
	</bean>-->
	
	<bean id="customerAdvisor"
		class="org.springframework.aop.support.RegexpMethodPointcutAdvisor">
		<property name="patterns">
			<list>
				<value>.*URL.*</value>
			</list>
		</property>

		<property name="advice" ref="hijackAroundMethodBeanAdvice" />
	</bean>

</beans>