<?xml version="1.0" encoding="UTF-8"?>
<beans xmlns="http://www.springframework.org/schema/beans"
xmlns:xsi="http://www.w3.org/2001/XMLSchema-instance"
xmlns:context="http://www.springframework.org/schema/context" xsi:schemaLocation="
http://www.springframework.org/schema/beans http://www.springframework.org/schema/beans/spring-beans.xsd
http://www.springframework.org/schema/context http://www.springframework.org/schema/context/spring-context.xsd">

<bean id="helloBean" class="com.cg.topic1.basic.HelloWorld">
		<property name="name" value="Sameer" />
	</bean>
	<!-- 
	<bean id="emp" class="com.cg.topic1.basic.Employee">
		<property name="id" value="101"/>
		<property name="name" value="Ramesh"/>
		<property name="sal" value="20000.00"/>
		<property name="address" ref="address"></property>
		
	</bean>
	
	<bean id="address" class="com.cg.topic1.basic.Address">
		<property name="country" value="India"/>
		<property name="id" value="101"/>
		<property name="area" value="Pimpri"/>
		<property name="city" value="Pune"/>
		
		
	</bean>
	
	<bean id="pdf" class="com.cg.topic1.basic.PrintPDF"></bean>
	<bean id="excel" class="com.cg.topic1.basic.PrintExcel"></bean>
	<bean id="json" class="com.cg.topic1.basic.PrintJson"></bean>
	
	
	<bean id="printUtility" class="com.cg.topic1.basic.PrintUtility">
		<property name="printable" ref="pdf"></property>
		<constructor-arg>
			<value>pdf</value>
		</constructor-arg>
	</bean> -->
	
	

</beans>