<?xml version="1.0" encoding="UTF-8"?>
<beans xmlns="http://www.springframework.org/schema/beans"
xmlns:xsi="http://www.w3.org/2001/XMLSchema-instance"
xmlns:context="http://www.springframework.org/schema/context" xsi:schemaLocation="
http://www.springframework.org/schema/beans http://www.springframework.org/schema/beans/spring-beans.xsd
http://www.springframework.org/schema/context http://www.springframework.org/schema/context/spring-context.xsd">
<!--None dependency-->
<bean id="customerBean" class="com.cg.core.Customer">
		<property name="address" value="#{addressBean}" />
		<property name="country" value="#{addressBean.country}" />
		<property name="fullAddress" value="#{addressBean.getFullAddress('cg')}" />
	</bean>

	<bean id="addressBean" class="com.cg.core.Address">
		<property name="street" value="Block ABC, LakeView" />
		<property name="postcode" value="98700" />
		<property name="country" value="US" />
	</bean>


</beans>