<?xml version="1.0" encoding="UTF-8"?>
<beans xmlns="http://www.springframework.org/schema/beans"
xmlns:xsi="http://www.w3.org/2001/XMLSchema-instance"
xmlns:context="http://www.springframework.org/schema/context" xsi:schemaLocation="
http://www.springframework.org/schema/beans http://www.springframework.org/schema/beans/spring-beans.xsd
http://www.springframework.org/schema/context http://www.springframework.org/schema/context/spring-context.xsd">
<!--Auto-Wiring ‘no’-->
<!--	    <context:component-scan base-package="com.cg.customer" />
-->    
    	<context:annotation-config />

	<bean id="CustomerBean" class="com.cg.topic12.autowiring.annotation.Customer">
		<property name="action" value="buy" />
		<property name="type" value="1" />
	</bean>

	<bean id="person" class="com.cg.topic12.autowiring.annotation.Person">
		<property name="name" value="cg" />
		<property name="address" value="address ABC" />
		<property name="age" value="29" />
	</bean>


</beans>