<?xml version="1.0" encoding="UTF-8"?>
<beans xmlns="http://www.springframework.org/schema/beans"
xmlns:xsi="http://www.w3.org/2001/XMLSchema-instance"
xmlns:context="http://www.springframework.org/schema/context" xsi:schemaLocation="
http://www.springframework.org/schema/beans http://www.springframework.org/schema/beans/spring-beans.xsd
http://www.springframework.org/schema/context http://www.springframework.org/schema/context/spring-context.xsd">
<!--None dependency-->
<bean id="itemBean" class="com.cg.core.Item">
		<property name="name" value="itemA" />
		<property name="qty" value="10" />
	</bean>

	<bean id="customerBean" class="com.cg.core.Customer">
		<property name="item" value="#{itemBean}" />
		<property name="itemName" value="#{itemBean.name}" />
	</bean>
</beans>